id,x,y,color
0,43.06029102550843,183.15819829458837,1
1,155.5826081519521,9.423532040244817,2
2,66.48529381151917,163.60384789750051,1
3,45.419132968800895,126.45371031089655,1
4,199.73422986299704,93.09030318720669,3
5,18.601937817802238,18.49705655762841,3
6,61.51911293279504,131.56698197608563,1
7,70.2644600682136,139.1848935990309,1
8,113.69598537777037,125.61411160283934,1
9,199.7695156131494,25.749786148961448,2
10,51.636144116638455,62.17601953034707,1
11,28.058580484535575,115.27856256718574,1
12,23.880959927150467,142.3498883304923,1
13,183.32652910193758,30.797270100355576,2
14,91.37632712741994,200.82733237066492,1
15,181.21711889801242,132.62135845629805,3
16,128.44909525632497,5.335867845431009,2
17,72.9583849278635,143.88293422914074,1
18,185.3298922640528,84.28919137665443,3
19,168.40938322581007,136.37747763199258,3
20,162.21831234360252,79.70736682943871,3
21,142.77507167080327,201.68811129972312,1
22,67.5071111537737,9.10037188116656,3
23,34.727645370646954,122.605230528218,1
24,156.1745657591427,83.18811076107393,3
25,122.15958138645237,70.93269260024007,3
26,57.88011851486079,151.0259738898185,1
27,3.3329926632614697,166.54347824100557,3
28,194.46270359214583,83.22980298895934,3
29,61.19357512553592,67.72996761154515,1
30,30.0509066209923,177.6922696171023,1
31,96.9641678973829,104.70025695052158,1
32,67.07009971121437,39.11690300288043,3
33,4.51439723476247,76.40113451431586,3
34,6.7488415333588225,132.4921821326387,3
35,136.95385931756377,91.3352696536271,3
36,62.120014375453664,23.679033127801674,3
37,23.107651776059534,19.17523565609922,3
38,99.58933558359838,24.865183571519722,3
39,79.23795204958505,50.46868197800739,1
40,172.20137098811904,115.76473018977867,3
41,156.91943597860026,156.01576570923058,1
42,30.9005271748587,74.01015909154842,1
43,76.18556703557577,166.45433849644036,1
44,65.71920716166083,43.89518370439567,3
45,96.50254144062406,116.20488597805914,1
46,100.06880981261381,42.00991763402479,3
47,43.64314752717838,62.83541097959493,1
48,7.219825177194377,172.14024311332284,3
49,57.966995814795325,107.58894217504704,1
50,136.07824602234587,48.36385513833298,3
51,168.4736771604013,183.93179647769279,1
52,174.60738658333008,102.99850942905324,3
53,20.678267612485104,144.3732800776983,1
54,137.04721736522282,144.88573944505828,1
55,140.3068641023472,43.988561241702435,3
56,11.777097701044138,111.6339460731886,1
57,169.6763578371554,192.63843668363586,1
58,39.931570026204824,55.10723659871593,1
59,39.38350834076639,104.14090132268005,1
60,165.6516515182228,60.527470111891674,3
61,45.1312117867019,178.42799028306396,1
62,35.54778639168717,43.02111293527727,3
63,89.45260984880409,162.18029675751353,1
64,109.21983333814975,20.332656373295787,3
65,38.36608931014239,121.86067981807594,1
66,194.73865166470384,174.55292382280012,3
67,176.66130140765588,146.2301903455293,1
68,84.53629038738693,68.71727439849732,1
69,9.308900723031337,80.40664923688402,3
70,151.18113965459682,63.36800667417677,3
71,154.55081816120375,61.19161879982065,3
72,135.34890403134617,9.339474441911563,2
73,19.64178051540065,181.02527433587773,3
74,77.71846605655242,161.70728368643734,1
75,107.53905064660944,64.005990491028,3
76,17.852675020790027,53.44697123636485,3
77,153.3130320667235,83.66959614751657,3
78,76.14686543422057,112.55671790065423,1
79,93.38973410428858,12.46862283376456,3
80,24.176557390620783,-2.1968390948638428,3
81,187.61746232933763,117.72822449175281,3
82,-1.9151329060328637,72.75085564671687,3
83,165.59504898822405,86.32921414714428,3
84,87.58903049807495,137.0633239009153,1
85,23.24406762074621,174.66214758968096,1
86,168.40723121361418,66.04161016368654,3
87,168.6845998486308,80.48325822233015,3
88,57.79539286204706,127.77323624072537,1
89,24.257268016043028,109.73294871702824,1
90,163.8215213188967,18.349035141669713,2
91,136.85141743519367,182.3619233511202,1
92,32.031525206540174,27.716051276893612,3
93,186.56759746238995,52.236500546328884,2
94,27.52239371259428,192.9892703753169,3
95,30.788945430530585,62.39934789364279,1
96,34.51318457130365,95.30947118894547,1
97,30.324206176063665,72.48090560164466,1
98,13.874816768918821,84.86479714339522,1
99,36.84825259820786,123.05619951464844,1
100,77.95062424124569,118.31472789442898,1
101,79.02151031753067,113.49590568981327,1
102,112.96094124455587,74.69502336708906,1
103,176.69418052710685,25.9391282110997,2
104,98.94552896565897,164.790741954476,1
105,22.199488284390092,136.1509471711605,1
106,14.804688459157315,170.51885427583494,3
107,4.087689793553476,41.21595560850234,3
108,104.25417266480724,151.23950609636404,1
109,111.91795874967266,60.134977732107295,3
110,38.73678224665595,184.2929139527581,1
111,83.75935600944115,129.27139319312766,1
112,35.26083549023246,78.32843282699662,1
113,92.97206972931032,196.9856953342009,1
114,194.09623935612095,187.9723136603659,3
115,118.9504145651816,136.4645408734286,1
116,54.32809802465211,2.8833966324553284,3
117,12.065592926279102,113.42465234587323,1
118,180.4614820815871,36.067292759649796,2
119,134.93042004826938,189.01351162452542,1
120,189.88070565131335,61.50235871432788,2
121,45.77709488223607,182.26082818366552,1
122,10.971342331255517,48.80563272256872,3
123,122.18689024538212,123.72272558347804,1
124,53.637574080852545,98.41969592259525,1
125,66.47576754663359,187.3543811379502,1
126,63.75558662131004,117.30261776236395,1
127,28.801221713669317,175.09312705161355,1
128,83.53767846134792,109.25506547475851,1
129,167.32637685211762,145.28331591855553,1
130,113.4588352858541,90.53023982700033,1
131,6.194228567813923,21.917061541863845,3
132,13.649583709495822,138.71918671566706,1
133,101.46790866179978,-0.028807785610903913,2
134,65.43813195754208,20.178066247296897,3
135,145.11394256068004,162.41199231418767,1
136,117.53529615761288,145.8286663908751,1
137,148.05524601009444,26.230723292233254,2
138,158.76536754323857,72.16138894651468,3
139,31.955965765332394,184.98429286595206,1
140,161.59379382101346,167.01110535536642,1
141,153.70876118751536,189.5173604506316,1
142,48.70854793663863,174.98764846346612,1
143,174.80036703609156,83.22569874904076,3
144,76.01217279007025,0.8136679812539844,3
145,161.35505400469663,43.44306768471444,2
146,170.32151502687904,41.845235262965005,2
147,0.7018113433720004,36.97737912634693,3
148,76.42423201233333,20.500374332888562,3
149,126.78449230255697,185.45036722331056,1
150,159.03401120032805,88.95835067345398,3
151,87.58660692334146,168.54736620801398,1
152,27.272224905832623,52.052947745324886,1
153,32.49371480106631,57.71606581823846,3
154,47.289170200654496,162.3687203171853,1
155,106.48861080317131,83.24191614216264,1
156,187.8009562921573,166.51542874554852,3
157,72.36751274702506,26.707995154612455,3
158,5.190308519718705,107.47214725602346,3
159,155.91465870366892,59.003070500149796,3
160,95.46877148637823,130.66496526744928,1
161,121.28365448770899,190.71860100607478,1
162,174.7128088285441,109.20709507305955,3
163,117.01769554296902,51.25463950967801,3
164,166.1475755265867,150.93034720130157,1
165,189.03999763279555,10.899025615606362,2
166,59.91726060015438,29.689160458242764,3
167,190.23585812717326,102.42723239416152,3
168,22.150945711473184,99.45042897405594,1
169,127.43004252598578,155.73579109461,1
170,4.442808737308266,40.785468835751736,3
171,105.66671880166794,79.26169071502166,1
172,140.8215246208906,154.78421512714533,1
173,86.74439746385232,34.23591778263284,3
174,143.44787082615574,175.667654930632,1
175,195.29854791943387,9.571472621460712,2
176,154.07398598451414,41.07378802390674,2
177,98.80587545102152,133.16465900085024,1
178,79.01921645154371,71.14508620109201,1
179,38.580720483907356,156.2668357561096,1
180,78.8369891361158,24.860020162948928,3
181,173.23472506004202,48.06700645639477,2
182,43.34785453288607,160.00129278347788,1
183,163.08151164878592,101.38658913246472,3
184,145.62112393066883,128.52869508067192,1
185,110.83626157495615,129.02022392297928,1
186,123.48649575698258,57.809268103011405,3
187,35.77861492324526,97.62031908071063,1
188,181.09489135754936,31.78273274950628,2
189,89.85280907991752,105.86198848822592,1
190,6.038551233784908,139.05127205916858,3
191,5.063967668606294,141.32118589338683,3
192,162.5548751971616,71.22175677326983,3
193,42.63629023116482,1.8347573805871331,3
194,89.31036396809216,154.93194638456336,1
195,45.236946738441475,31.956129736165444,3
196,183.90656346424623,144.8656127389536,3
197,128.51730204374059,119.35738578747721,1
198,141.18167097084347,111.74743592854006,1
199,3.692246225812939,94.22166031504875,3
200,157.4636533866629,142.32228173999388,1
201,192.44725522339354,130.64102316235508,3
202,74.27798356317066,66.47648267060968,1
203,186.42753914933866,147.87514965942498,3
204,23.857392524113525,19.20009247723045,3
205,108.9512357434511,160.52697448213038,1
206,88.46649283811519,142.19711197427105,1
207,29.089656735117533,28.787510635805713,3
208,181.0142910838778,123.90109501930489,3
209,82.8169229545827,197.62542314078408,1
210,156.990340077926,18.44687137563353,2
211,167.62302269869002,84.83435232450917,3
212,169.34605889933522,172.47838414650627,1
213,72.21759815897103,66.92118324502084,1
214,127.94220643902783,21.195863945097422,2
215,60.28705435069621,54.76209999496226,1
216,62.95583287243068,164.29501707596688,1
217,32.03712554984336,101.19605623368217,1
218,40.40416085969628,178.48709974126155,1
219,122.27327071957914,175.39573888945367,1
220,95.11094342629002,62.52082935413887,1
221,128.86904733532734,99.19043256182324,1
222,27.537507347676854,113.23151642199572,1
223,135.07432109335477,76.72045168598707,3
224,20.651880955215145,74.61067055930019,1
225,157.30338267952115,65.10535915572294,3
226,66.44863599856151,90.35488863429603,1
227,173.3965166770705,167.53635261766138,1
228,140.4500814826106,108.63808746413939,1
229,42.15867544402803,40.10347264637758,3
230,196.89399466245834,130.86081681552966,3
231,130.7783672096142,85.88231223361905,3
232,78.96086990408305,198.72420196097823,1
233,63.73361249108202,148.80396056487106,1
234,153.58493571972622,193.47532458782615,1
235,196.1135058880285,87.79570379000641,3
236,175.38608890004983,112.2388344481955,3
237,141.93751131977805,59.03854348284746,3
238,60.504262241215066,158.57999121271402,1
239,106.98676160593803,75.82575706990814,1
240,51.043013877222066,134.5700865612224,1
241,139.69179055776,25.483667339511015,2
242,72.88223808870292,109.25184106474705,1
243,144.1692295165018,196.34053850177943,1
244,157.72356811342635,100.53684310341885,3
245,70.83519137821062,172.08042425937285,1
246,69.87440049430894,38.46290913465538,3
247,182.10516318239507,60.54679338035324,2
248,169.963645695942,35.45430418328304,2
249,108.77853404330216,45.14953963830703,3
